{"cameraMode":{"drawMode":0,"name":"Shaded","section":"Shading Mode"},"sceneLighting":false,"audioPlay":false,"sceneViewState":{"showFog":true,"showMaterialUpdate":false,"showSkybox":false,"showFlares":true,"showImageEffects":true,"showParticleSystems":true},"in2DMode":false,"pivot":{"x":0.150238037109375,"y":-0.8914718627929688,"z":-3.1599998474121095},"rotation":{"x":0.10114021599292755,"y":0.2163873016834259,"z":-0.022549206390976907,"w":0.9707983732223511},"size":1.5798428058624268,"orthographic":false}