{"cameraMode":{"drawMode":0,"name":"Shaded","section":"Shading Mode"},"sceneLighting":true,"audioPlay":false,"sceneViewState":{"showFog":true,"showMaterialUpdate":false,"showSkybox":true,"showFlares":true,"showImageEffects":true,"showParticleSystems":true},"in2DMode":false,"pivot":{"x":0.5579079985618591,"y":-15.18818473815918,"z":8.231083869934082},"rotation":{"x":0.43380382657051089,"y":-0.018644558265805246,"z":0.00896071270108223,"w":0.900779128074646},"size":10.0,"orthographic":false}